Genbank ID;Haplogroup;Variants
DQ112796.2;L4b2b;513A_709A_750G_769A_1018A_1438G_2706G_3918A_4500C_4769G_5128G_6260A_7028T_7805A_8104C_8227C_8701G_8860G_9540C_9855G_10265C_10389C_10398G_10873C_11719A_11914A_12354C_12438C_12609C_12705T_12903C_13470G_14766T_15217A_15301A_15326G_15883A_15930A
DQ112845.2;L4b2a2c;750G_769A_1018A_1413C_1438G_1694C_2706G_3918A_4769G_4949G_5483G_6260A_7028T_8104C_8478T_8487T_8701G_8860G_9540C_9855G_10398G_10783C_10873C_11719A_12609C_12705T_13470G_14766T_15301A_15326G_15454C
DQ341064.1;L4a1a;73G_150T_185A_189G_195C_198T_263G_315CC_325T_750G_769A_1018A_1438G_2706G_3357A_4769G_5460A_6167C_7028T_7376T_7762A_7775A_8473C_8631G_8697A_8701G_8860G_9540C_10373A_10398G_10873C_11253C_11344G_11485C_11653G_11719A_12280G_12414C_12705T_13174C_13344G_14000A_14302C_14766T_15301A_15326G_16207T_16223T_16260T_16261T_16311C_16362C_16519C
DQ341065.1;L4b2a1;73G_146C_152C_195C_244G_263G_315CC_471C_522d.CA_547G_648G_723G_750G_769A_1018A_1413C_1438G_2706G_3918A_4769G_5471A_5580C_5746A_7028T_8104C_8701G_8860G_9540C_9855G_10398G_10750G_10873C_11719A_12609C_12705T_13470G_14182C_14766T_14861A_15301A_15326G_16086C_16223T_16255A_16274A_16293G_16311C_16355T_16362C_16399G_16519C
EF184627.1;L4b2a2;73G_146C_244G_263G_315CC_750G_769A_1018A_1413C_1438G_1694C_2706G_3918A_4769G_4949G_6260A_6329T_7028T_8104C_8435G_8701G_8860G_9540C_9855G_10398G_10783C_10873C_12609C_12705T_13470G_13695T_14179G_14766T_15301A_15326G_16071T_16172C_16223T_16293T_16311C_16355T_16362C_16399G_16519C
EF184629.1;L4b2a1;73G_146C_195C_244G_263G_315CC_750G_769A_1018A_1413C_1438G_2706G_3918A_4769G_4838C_5580C_5746A_7028T_8104C_8701G_8860G_9540C_9855G_10398G_10834G_10873C_11719A_11944C_12609C_12705T_13470G_14766T_15301A_15326G_16223T_16274A_16293T_16311C_16355T_16362C_16368C_16399G
EF184633.1;L4b2a2c;73G_146C_152C_244G_263G_309CCT_310C_391C_750G_769A_1018A_1413C_1438G_1694C_2706G_3242C_3918A_4769G_4949G_5483G_6260A_7028T_8104C_8478T_8487T_8701G_8860G_9540C_9855G_10398G_10783C_10873C_11719A_12609C_12705T_13470G_14766T_15301A_15326G_15454C_16162G_16169T_16172C_16223T_16311C_16327T_16355T_16356C_16362C_16399G_16519C
EF184639.1;L4b2a2;73G_146C_182T_183G_244G_263G_309CCT_310C_513A_750G_769A_1018A_1413C_1438G_1694C_2706G_3918A_4232C_4769G_4949G_6227C_6260A_7028T_7278C_8104C_8276d.C_8574T_8701G_8860G_9540C_9855G_10398G_10783C_10873C_11179G_11719A_11914A_12609C_12705T_13470G_14766T_15298T_15301A_15326G_15687C_15851C_15924G_16189C_16193T_16223T_16293T_16311C_16344T_16355T_16362C_16399G_16519C
EF184640.1;L4b2a2b;73G_146C_244G_263G_315CC_606G_742C_750G_1018A_1413C_1438G_1694C_2706G_3396C_3918A_4491A_4769G_4949G_6260A_6366A_6956C_7028T_8104C_8485d.G_8701G_8860G_9540C_9855G_10381G_10652G_10783C_10873C_11608G_11719A_12240T_12249T_12300T_13470G_14182C_14766T_15301A_15326G_15712G_15970C_16172C_16223T_16278T_16293T_16294T_16311C_16355T_16399G
EU092662.1;L4b2a2a;73G_146C_257G_263G_315CC_750G_769A_1018A_1413C_1438G_1694C_2483C_2706G_3666A_3918A_4769G_4949G_6260A_6620C_7028T_8104C_8701G_8860G_9422G_9540C_9667G_9855G_10398G_10783C_10873C_11137C_11719A_12361G_12609C_12705T_13470G_13708A_14422C_14766T_15301A_15326G_16170G_16223T_16293T_16311C_16355T_16362C_16399G_16519C
EU092678.1;L4a1a;73G_189G_195C_263G_315CC_325T_750G_769A_1018A_1438G_2706G_3357A_4769G_5460A_6167C_6176C_7028T_7376T_7762A_7775A_8473C_8572A_8622T_8631G_8697A_8701G_8860G_9540C_10373A_10398G_10873C_11253C_11260C_11344G_11485C_11653G_11719A_12414C_12705T_13174C_14000A_14302C_14766T_15301A_15326G_15568T_16207T_16220G_16223T_16234T_16260T_16261T_16311C_16360T_16362C_16519C
EU092743.1;L4b2a2a;73G_146C_257G_263G_309CCT_310C_750G_769A_1018A_1413C_1438G_1694C_2483C_2706G_3918A_4219A_4769G_4949G_6260A_6620C_7028T_8104C_8701G_8774G_8860G_9540C_9855G_10398G_10783C_10873C_11137C_11719A_12609C_12705T_13470G_13708A_14319C_14422C_14766T_15301A_15326G_15530C_15670C_16223T_16293T_16311C_16355T_16362C_16399G_16519C
EU092748.1;L4a1a;73G_150T_195C_263G_315CC_325T_750G_769A_1018A_1438G_2416C_2706G_3357A_4769G_5460A_6167C_7028T_7376T_7762A_7775A_8133T_8473C_8631G_8634C_8701G_8860G_9540C_10373A_10398G_10873C_11023G_11143T_11149A_11253C_11344G_11485C_11653G_11719A_12414C_12705T_12814T_13174C_14000A_14302C_14766T_15301A_15326G_16093C_16207C_16223T_16260T_16311C_16519C
EU092750.1;L4b2a2;73G_146C_244G_263G_315CC_750G_769A_1018A_1413C_1694C_2232AA_2706G_3918A_4769G_4949G_5048C_5910A_6260A_6680C_7028T_8104C_8701G_8860G_9540C_9855G_10398G_10783C_10873C_11719A_12609C_12705T_13105G_13470G_14766T_14767C_15019C_15301A_15326G_15448T_16172C_16223T_16293T_16311C_16319A_16355T_16362C_16399G
EU092780.1;L4b2a2b;73G_146C_244G_263G_315CC_513A_750G_769A_1018A_1413C_1438G_1694C_1943G_2706G_3918A_4769G_4949G_6260A_6956C_7028T_8104C_8485A_8701G_8860G_9371T_9540C_9855G_10398G_10589A_10783C_10873C_10978G_11719A_12609C_12705T_13470G_14766T_15204C_15301A_15326G_15970C_16172C_16189C_16223T_16287T_16293T_16311C_16355T_16362C_16399G
EU092799.1;L4a2;73G_152C_195C_198T_200G_263G_309CCT_310C_750G_769A_1018A_1438G_2706G_3357A_5460A_7028T_8701G_8860G_9221G_9344T_9540C_9827T_10032G_10373A_10398G_10873C_11253C_11344G_11485C_11719A_12361G_12414C_12705T_13174C_13392C_14302C_14766T_15301A_15326G_15924G_16182C_16183C_16189C_16223T_16260T_16264T_16311C_16362C_16519C
EU092800.1;L4a2;73G_152C_195C_198T_200G_263G_309CCT_310C_750G_769A_1018A_1438G_2706G_3357A_5460A_7028T_8701G_8860G_9221G_9344T_9540C_9827T_10032G_10373A_10398G_10873C_11253C_11344G_11485C_11719A_12361G_12414C_12705T_13174C_13392C_14302C_14766T_15301A_15326G_15924G_16182C_16183C_16189C_16223T_16260T_16264T_16311C_16362C_16519C
EU092808.1;L4b1a;73G_150T_152C_199C_204A_263G_309CCT_310C_496T_513A_709A_750G_769A_1018A_1438G_1804G_2706G_3010A_3505G_3918A_4017T_4029A_4216C_4232C_4769G_4977C_5460A_6710G_7028T_7624C_8289ACCCCCTCTA_8614C_8701G_8860G_8937C_8974G_9248T_9540C_9986A_10398G_10813T_10873C_11719A_12661T_12705T_13497G_14016A_14766T_14791T_14905A_15301A_15326G_16153A_16179T_16183C_16189C_16223T_16239T_16311C_16320T_16362C_16365T_16519C
EU092838.1;L4b2a2c;73G_146C_152C_244G_263G_309CCT_310C_391C_750G_769A_1018A_1413C_1438G_1694C_2706G_3918A_4769G_4949G_5483G_6260A_7028T_8104C_8478T_8487T_8701G_8860G_9540C_9855G_10398G_10783C_10873C_11719A_12609C_12705T_13470G_14766T_15301A_15326G_15454C_16162G_16169T_16172C_16223T_16293T_16311C_16327T_16355T_16356C_16362C_16399G_16519C
EU092935.1;L4a2;73G_195C_198T_247A_263G_315CC_750G_769A_1018A_1438G_2232AA_2706G_3357A_4769G_5231A_5460A_7028T_7789A_8701G_8790A_8860G_9540C_10373A_10398G_10873C_11253C_11344G_11365C_11485C_11719A_12361G_12414C_12705T_13174C_14302C_14766T_15301A_15326G_15586C_15733A_16223T_16260T_16264T_16311C_16362C
EU092938.1;L4b2a2a;73G_146C_244G_263G_315CC_573CC_750G_769A_1018A_1413C_1438G_1694C_2483C_2706G_3918A_4769G_4949G_6260A_6620C_7028T_8104C_8701G_8860G_9540C_9855G_10304C_10348C_10398G_10783C_10873C_11137C_11719A_12348T_12406A_12609C_12705T_13470G_14766T_15067C_15203G_15299C_15301A_15326G_16172C_16189C_16223T_16293T_16311C_16355T_16362C_16399G_16519C
EU092942.1;L4b2a1;73G_146C_152C_195C_244G_263G_315CC_471C_547G_573CCC_750G_769A_1018A_1413C_1438G_2706G_3918A_4769G_5471A_5580C_5746A_7028T_8104C_8701G_8860G_9540C_9855G_10398G_10873C_11719A_12609C_12705T_13470G_14766T_15301A_15326G_16093C_16184T_16223T_16274A_16293T_16311C_16355T_16362C_16399G
EU092949.1;L4a2;73G_195C_198T_263G_309CCT_310C_750G_769A_866G_1018A_1438G_2706G_3221G_3357A_4047C_4769G_5460A_5471A_5580C_6293C_7028T_8701G_8838A_8860G_9112T_9540C_9899C_10320A_10373A_10398G_10873C_11253C_11344G_11485C_11593G_11719A_11851T_11969A_12361G_12414C_12705T_13174C_14302C_14766T_15301A_15326G_16176T_16223T_16260T_16264T_16311C_16362C_16519C
EU092951.1;L4b2a2b;73G_146C_210G_244G_263G_315CC_750G_769A_1018A_1413C_1438G_1694C_1842G_2706G_3918A_4769G_4949G_6260A_6956C_7028T_8104C_8485A_8701G_8860G_9540C_9855G_10398G_10535C_10783C_10873C_11719A_12609C_12705T_13470G_14572G_14766T_15301A_15326G_15970C_16172C_16223T_16287T_16293T_16311C_16355T_16362C_16399G
FJ460531.1;L4a1;73G_195C_198T_263G_315CC_325T_750G_769A_1018A_1438G_2706G_3357A_4769G_5460A_6167C_6701G_7028T_7376T_7775A_8701G_8817G_8860G_9540C_10373A_10398G_10873C_11253C_11344G_11485C_11653G_11719A_12414C_12705T_13043T_13174C_14000A_14302C_14766T_15301A_15326G_15937d.A_16093C_16207T_16223T_16260T_16311C_16362C_16368C
HM771233.1;L4b2b1;73G_146C_152C_195C_244G_263G_340T_709A_750G_769A_1018A_1438G_1888A_2220T_2706G_3398C_3918A_4769G_5128G_6260A_7028T_7471d.C_7699T_7805A_8104C_8701G_8860G_9540C_9758C_9855G_10265C_10398G_10873C_11719A_12438C_12609C_12705T_13470G_14764G_14766T_15301A_15326G_15924G_16114T_16223T_16293T_16316G_16355T_16362C_16399G_16519C
HQ610935.1;L4a;14302C
JQ044811.1;L4b1a;73G_150T_199C_204C_263G_315CC_513d.GC_709A_750G_769A_1018A_1438G_1804G_2706G_3010A_3505G_3918A_4017T_4029A_4216C_4232C_4769G_4977C_5460A_7028T_7624C_8614C_8701G_8860G_8974G_9248T_9540C_9986A_10398G_10813T_10873C_11719A_12661T_12705T_13497G_14016A_14766T_14905A_15301A_15326G_16093C_16179T_16183C_16189C_16223T_16239T_16311C_16320T_16362C_16519C
JQ044834.1;L4b1a;73G_150T_199C_204C_263G_310C_496T_513A_709A_750G_769A_980C_1018A_1438G_1804G_2706G_3010A_3505G_3918A_4017T_4029A_4216C_4232C_4769G_4977C_5460A_7028T_7624C_8614C_8701G_8860G_8937C_8974G_9248T_9540C_9986A_10398G_10813T_10873C_11719A_12661T_12705T_13203G_13497G_14016A_14629T_14766T_14791T_14905A_15301A_15326G_16153A_16179T_16183C_16189C_16223T_16239T_16311C_16362C_16519C
JQ044848.1;L4b1a;73G_150T_199C_204C_263G_315CC_513d.GC_709A_750G_769A_789A_1018A_1438G_2706G_3010A_3505G_3918A_4017T_4029A_4216C_4232C_4769G_4977C_5460A_5894G_7028T_7166G_7624C_8614C_8701G_8860G_8974G_9248T_9540C_9986A_10398G_10813T_10873C_11719A_12705T_13497G_14016A_14766T_14905A_14935C_15301A_15326G_15344C_16179T_16183C_16189C_16207G_16223T_16239T_16311C_16320T_16362C_16519C
JQ045081.1;L4b1a;73G_150T_152C_199C_263G_309T_310C_513d.GCAC_709A_750G_769A_789A_1018A_1438G_1804G_2706G_3010A_3505G_3918A_4017T_4029A_4216C_4232C_4769G_4977C_5460A_7028T_7166G_7624C_8614C_8701G_8860G_8974G_9010A_9248T_9540C_9986A_10328G_10398G_10813T_10873C_11719A_11914A_12661T_12705T_12780G_13497G_14016A_14766T_14905A_14935C_15301A_15326G_15344C_16179T_16183C_16189C_16223T_16239T_16311C_16320T_16362C_16519C
JQ702504.1;L4b2b1;73G_146C_195C_244G_263G_291AA_309CCT_310C_340T_709A_750G_769A_1018A_1438G_2220T_2706G_3918A_4206G_4769G_5128G_5134G_5483C_6260A_7028T_7805A_8104C_8251A_8701G_8860G_9540C_9855G_10265C_10398G_10873C_11719A_12397G_12438C_12609C_12705T_13470G_14766T_15301A_15326G_15759C_16223T_16224C_16274A_16292T_16293T_16294T_16311C_16316G_16355T_16362C_16399G_16519C
KC622179.1;L4b2a2c;73G_146C_189G_244G_263G_315CC_391C_750G_769A_1018A_1413C_1438G_1694C_2706G_3918A_4769G_4949G_5483G_6260A_7028T_8104C_8478T_8487T_8701G_8860G_9464C_9540C_9855G_10398G_10783C_10873C_11719A_12609C_12705T_13470G_14766T_15301A_15326G_15454C_16172C_16223T_16293T_16311C_16327T_16355T_16362C_16399G_16519C
KC622215.1;L4b2a2c;73G_146C_152C_244G_263G_315CC_391C_750G_769A_1018A_1413C_1438G_1694C_2706G_3918A_4769G_4949G_5483G_6260A_7028T_8104C_8478T_8487T_8701G_8860G_9540C_9855G_10398G_10783C_10873C_11719A_12609C_12705T_13470G_14766T_15301A_15326G_15454C_16162G_16172C_16223T_16293T_16311C_16327T_16355T_16356C_16362C_16399G_16519C
KC622218.1;L4b2a2c;73G_146C_152C_244G_263G_315CC_391C_750G_769A_1018A_1413C_1438G_1694C_2706G_3918A_4769G_4949G_5483G_6260A_7028T_8104C_8478T_8487T_8701G_8860G_9540C_9855G_10398G_10783C_10873C_11719A_12609C_12705T_13470G_14766T_15301A_15326G_15454C_16162G_16172C_16223T_16293T_16311C_16327T_16355T_16356C_16362C_16399G_16519C
KC622226.1;L4b2a2c;73G_146C_244G_263G_315CC_391C_750G_769A_1018A_1413C_1438G_1694C_2706G_3918A_4769G_4949G_5483G_6260A_7028T_8104C_8478T_8487T_8701G_8860G_9540C_9855G_10398G_10783C_10873C_11719A_12609C_12705T_13470G_14766T_15301A_15326G_15454C_16162G_16172C_16223T_16293T_16311C_16327T_16355T_16356C_16362C_16399G_16519C
KC622258.1;L4b2a2c;73G_146C_152C_244G_263G_315CC_391C_750G_769A_1018A_1413C_1438G_1694C_2706G_3918A_4769G_4949G_5483G_6260A_7028T_8104C_8478T_8487T_8701G_8860G_9540C_9855G_10398G_10783C_10873C_11719A_12609C_12705T_13470G_14766T_15301A_15326G_15454C_16162G_16172C_16223T_16293T_16311C_16327T_16355T_16356C_16362C_16399G_16519C
KC622259.1;L4b2a2c;73G_146C_152C_244G_263G_315CC_391C_750G_769A_1018A_1413C_1438G_1694C_2706G_3918A_4769G_4949G_5483G_6260A_7028T_8104C_8478T_8487T_8701G_8860G_9540C_9855G_10398G_10783C_10873C_11719A_12609C_12705T_13470G_14766T_15301A_15326G_15454C_16162G_16172C_16223T_16293T_16311C_16327T_16355T_16356C_16362C_16399G_16519C
KF162786.1;L4b;315CC_3918A_16519C
KF451502.1;L4b2a2c;73G_146C_152C_244G_263G_309CCT_310C_391C_750G_769A_1018A_1413C_1438G_1694C_2706G_3918A_4769G_4949G_5483G_6260A_7028T_8104C_8478T_8487T_8701G_8860G_9540C_9855G_10398G_10783C_10873C_11719A_12609C_12705T_13470G_14766T_15301A_15326G_15454C_16162G_16169T_16172C_16223T_16293T_16311C_16327T_16355T_16356C_16362C_16399G_16519C
KJ185407.1;L4b2a;44CC_73G_146C_152C_244G_263G_309T_310C_750G_769A_980C_1018A_1413C_1438G_2706G_3918A_4769G_4823C_5162C_6260A_7028T_8104C_8701G_8860G_9540C_9855G_10398G_10873C_11431T_11719A_12609C_12705T_13272T_13470G_13834G_14573G_14766T_15139C_15301A_15326G_16223T_16233G_16271C_16293T_16311C_16355T_16362C_16399G
KM986523.1;L4b2a2c;73G_146C_244G_263G_309CCT_310C_391C_522d.CA_750G_769A_1018A_1413C_1438G_1694C_1832G_2706G_3918A_4769G_4949G_5483G_5553C_6260A_7028T_8104C_8478T_8701G_8860G_9540C_9855G_10325A_10398G_10783C_10873C_11698G_11719A_12609C_12705T_13470G_14766T_15301A_15326G_15454C_15758G_16172C_16209C_16223T_16293T_16311C_16355T_16362C_16399G_16519C
KM986608.1;L4b2a1;73G_146C_152C_195C_244G_263G_315CC_471C_547G_750G_769A_1018A_1413C_1438G_2706G_3918A_4769G_5471A_5580C_5746A_7028T_7241G_8104C_8701G_8860G_9540C_9855G_10398G_10873C_11719A_12609C_12705T_12891T_13470G_14766T_15301A_15326G_16223T_16274A_16293T_16311C_16355T_16362C_16399G
KP317053.1;L4b2b;73G_146C_150T_152C_195C_214G_244G_263G_315CC_513A_709A_750G_769A_1018A_1438G_2706G_3918A_4769G_5128G_6260A_7028T_7805A_8104C_8227C_8701G_8860G_8966C_9540C_9855G_10265C_10389C_10398G_10873C_11719A_11914A_12354C_12438C_12609C_12705T_12903C_13470G_14766T_15217A_15301A_15326G_16093G_16223T_16287A_16293T_16301T_16311C_16355T_16362C_16399G
KP317054.1;L4a1a;73G_150T_189G_195C_198T_263G_315CC_325T_750G_769A_1018A_1438G_2706G_3357A_4769G_5460A_6167C_7028T_7376T_7762A_7775A_8473C_8631G_8697A_8701G_8860G_9540C_10373A_10398G_10873C_11253C_11344G_11485C_11653G_11719A_12280G_12414C_12705T_13174C_13344G_14000A_14302C_14766T_15301A_15326G_16207T_16223T_16260T_16261T_16311C_16362C_16519C
KP317055.1;L4b2a2;73G_146C_244G_263G_291AA_315CC_750G_769A_1018A_1413C_1694C_2706G_3918A_4769G_4949G_5048C_5910A_6260A_6680C_7028T_8104C_8292A_8701G_8860G_9540C_9855G_10398G_10783C_10873C_11719A_12609C_12705T_13105G_13470G_14766T_15019C_15301A_15326G_15448T_16172C_16223T_16293T_16311C_16319A_16355T_16362C_16399G
KP317056.1;L4b2a2c;73G_146C_152C_244G_263G_315CC_391C_750G_769A_1018A_1413C_1438G_1694C_2706G_3918A_4769G_4949G_6260A_7028T_8104C_8478T_8701G_8860G_9540C_9855G_10398G_10724C_10783C_10873C_11719A_11854C_12609C_12705T_13443C_14766T_15301A_15326G_15454C_16172C_16223T_16293T_16311C_16355T_16362C_16399G_16519C
KP317058.1;L4a1a;73G_150T_189G_195C_198T_210G_263G_309CCT_310C_325T_750G_769A_1018A_1438G_2706G_3357A_4297G_4769G_5460A_6167C_7028T_7376T_7762A_7775A_8473C_8631G_8697A_8701G_8860G_9540C_10373A_10398G_10873C_11253C_11344G_11485C_11653G_11719A_12414C_12705T_13174C_13269G_13344G_13506T_14000A_14302C_14766T_15301A_15326G_16148T_16207T_16223T_16260T_16261T_16311C_16362C_16519C
KP317059.1;L4a1a;73G_195C_198T_263G_315CC_325T_750G_769A_1018A_1193C_1438G_2706G_3357A_3796G_4769G_4967C_5460A_6167C_7028T_7376T_7762A_7775A_8473C_8701G_8860G_9540C_10373A_10398G_10873C_11253C_11344G_11485C_11653G_11719A_12414C_12705T_13174C_14000A_14302C_14766T_15301A_15326G_16093C_16207T_16223T_16260T_16291T_16311C_16362C_16519C
KP317061.1;L4a1a;73G_195C_198T_228A_263G_315CC_325T_750G_769A_1018A_1438G_2706G_3357A_3700A_4769G_5460A_6167C_6527G_7028T_7376T_7762A_7775A_8473C_8631G_8701G_8860G_9540C_10373A_10398G_10873C_10978G_11149A_11253C_11344G_11485C_11653G_11719A_12414C_12705T_12814T_13174C_14000A_14302C_14766T_15301A_15326G_16207T_16219G_16223T_16260T_16311C_16320T_16519C
KP317062.1;L4b1a;73G_150T_199C_204C_207A_263G_309CCT_310C_513A_709A_750G_769A_1018A_1438G_1804G_2706G_3010A_3505G_3918A_4017T_4029A_4216C_4232C_4769G_4977C_5460A_7028T_7624C_8588C_8614C_8701G_8860G_8974G_9248T_9540C_9986A_10398G_10813T_10873C_11719A_12661T_12705T_13497G_14016A_14766T_14905A_14935C_15043A_15301A_15326G_15344C_16179T_16189C_16223T_16239T_16311C_16320T_16362C_16519C
KP317063.1;L4b2b;73G_146C_152C_195C_198T_244G_263G_315CC_522d.CA_709A_750G_769A_1018A_1438G_2706G_3918A_4769G_5128G_6260A_7028T_7805A_8104C_8227C_8701G_8860G_9540C_9855G_10265C_10398G_10873C_11719A_11914A_12354C_12438C_12609C_12705T_12903C_13470G_14766T_15217A_15301A_15326G_16093A_16223T_16287A_16293T_16301T_16311C_16355T_16356C_16362C_16399G_16519C
KP317064.1;L4b2b;73G_146C_152C_195C_198T_244G_263G_315CC_522d.CA_709A_750G_769A_1018A_1438G_2706G_3918A_4769G_5128G_6260A_7028T_7805A_8104C_8227C_8701G_8860G_9540C_9855G_10265C_10398G_10873C_11719A_11914A_12354C_12438C_12609C_12705T_12903C_13470G_14766T_15217A_15301A_15326G_16093A_16223T_16287A_16293T_16301T_16311C_16355T_16356C_16362C_16399G_16519C
KP317065.1;L4b2b1;73G_146C_152C_195C_244G_263G_291AA_315CC_340T_522d.CA_709A_750G_769A_1018A_1438G_1709A_2220T_2706G_3918A_4206G_4769G_4973G_5128G_5134G_5156G_6260A_7028T_7805A_8104C_8701G_8860G_9540C_9855G_10265C_10398G_10873C_11719A_12438C_12609C_12705T_13470G_14766T_15301A_15326G_15759C_16188T_16189C_16209C_16223T_16274A_16292T_16293T_16311C_16316G_16335G_16355T_16362C_16399G_16519C
KP317066.1;L4b2a2a;73G_146C_257G_263G_315CC_750G_769A_1018A_1413C_1438G_1694C_2483C_2706G_3918A_4769G_4949G_5824A_6260A_6620C_7028T_8104C_8701G_8860G_9540C_9855G_10398G_10783C_10873C_11137C_11719A_12609C_12705T_13470G_13708A_14422C_14766T_15301A_15326G_16147T_16223T_16293T_16311C_16355T_16362C_16399G_16519C
KP317068.1;L4b2a2b;73G_146C_244G_263G_309CCT_310C_750G_769A_1018A_1413C_1438G_1694C_1842G_2706G_3918A_4769G_4949G_5573G_6260A_6956C_7028T_8104C_8485A_8701G_8860G_9540C_9855G_10398G_10535C_10783C_10873C_11719A_12609C_12705T_13470G_14572G_14766T_15301A_15314A_15326G_15970C_16172C_16223T_16287T_16293T_16311C_16355T_16362C_16399G
KP317069.1;L4b2a2a;73G_146C_152C_195C_244G_257G_263G_291AA_315CC_340T_750G_769A_1018A_1413C_1438G_1694C_2483C_2706G_3213G_3918A_4639C_4769G_4949G_6260A_6620C_7028T_8104C_8128G_8701G_8860G_9540C_9855G_10398G_10783C_10873C_11137C_11719A_12609C_12705T_13029T_13470G_13708A_14422C_14766T_15301A_15326G_16223T_16293T_16311C_16355T_16362C_16399G
KP317070.1;L4b2a2;73G_146C_244G_263G_309CCT_310C_398C_513d.GC_750G_769A_1018A_1413C_1438G_1694C_2706G_3918A_4769G_4949G_6260A_7028T_7664A_7987G_8104C_8701G_8860G_9540C_9855G_10398G_10646C_10783C_10873C_11151T_11719A_12609C_12705T_13470G_13602C_14766T_15301A_15326G_15924G_16111T_16223T_16293T_16311C_16355T_16362C_16399G
KP317072.1;L4b2a2c;73G_146C_244G_263G_315CC_391C_750G_769A_1018A_1413C_1438G_1694C_2706G_3394C_3918A_4769G_4949G_5483G_6260A_7028T_8104C_8478T_8701G_8860G_9524G_9540C_9855G_10398G_10589A_10783C_10873C_11719A_12609C_12705T_13470G_13533T_14766T_15301A_15326G_15454C_16172C_16223T_16293T_16311C_16355T_16362C_16399G_16519C
KP317073.1;L4a2;73G_195C_198T_263G_303CT_522d.CA_750G_769A_1018A_1438G_2706G_3357A_4769G_5460A_7028T_8701G_8860G_9103C_9540C_10032G_10373A_10398G_10873C_11253C_11344G_11485C_11719A_12361G_12414C_12705T_13174C_13392C_14302C_14766T_15301A_15326G_16179T_16189C_16223T_16260T_16264T_16311C_16362C_16519C
KP317074.1;L4b2a1;73G_146C_152C_195C_244G_263G_315CC_471C_547G_750G_769A_1018A_1413C_1438G_2706G_3918A_4769G_5471A_5580C_5746A_7028T_8104C_8701G_8860G_9540C_9855G_10398G_10873C_11719A_12295C_12609C_12705T_13470G_14766T_15301A_15326G_16223T_16274A_16293T_16311C_16355T_16362C_16399G_16519C
KP317075.1;L4b2a;73G_146C_244G_263G_315CC_455TT_513A_750G_769A_1018A_1413C_1438G_2706G_2863C_3333T_3918A_4769G_6260A_7028T_7129G_8104C_8701G_8843C_8860G_9123A_9287A_9540C_9855G_10398G_10873C_11719A_12173C_12609C_12681C_12705T_13470G_14569A_14766T_15217A_15301A_15326G_16223T_16293T_16301T_16311C_16355T_16362C_16399G_16519C
KP317076.1;L4a1a;73G_150T_189G_195C_198T_263G_315CC_325T_750G_769A_1018A_1438G_2706G_3357A_4769G_5460A_6167C_7028T_7376T_7762A_7775A_8473C_8631G_8697A_8701G_8860G_9540C_10373A_10398G_10873C_11253C_11344G_11485C_11653G_11719A_12414C_12705T_13174C_13344G_14000A_14302C_14766T_15301A_15326G_15497A_16207T_16223T_16260T_16261T_16311C_16362C_16519C
KP317078.1;L4b2a;73G_146C_244G_263G_315CC_455TT_513A_750G_769A_1018A_1413C_1438G_2706G_2863C_3333T_3918A_4769G_6260A_7028T_7129G_8104C_8701G_8843C_8860G_9123A_9287A_9540C_9855G_10398G_10873C_11719A_12173C_12609C_12681C_12705T_13470G_14766T_15217A_15301A_15326G_16223T_16293T_16301T_16311C_16355T_16362C_16399G
MF056575.1;L4b2a;73G_146C_150T_195C_244G_263G_368G_750G_769A_1018A_1413C_1438G_2706G_3531A_3918A_4769G_5580C_5746A_7028T_7844G_8104C_8701G_8860G_9540C_9855G_10398G_10873C_11653T_11719A_12609C_12705T_13470G_14257G_14470C_14766T_15301A_15326G_16075C_16223T_16274A_16293T_16311C_16355T_16362C_16399G
MF056606.1;L4b1a;73G_150T_199C_204C_263G_513d.GC_709A_750G_769A_789A_1018A_1341T_1438G_2706G_3010A_3505G_3693C_3918A_4017T_4029A_4216C_4232C_4769G_4977C_5460A_7028T_8614C_8701G_8860G_8974G_9248T_9540C_9986A_10398G_10400T_10813T_10873C_11719A_12705T_13497G_13518T_14016A_14766T_14905A_14935C_15301A_15326G_15344C_16189C_16223T_16239T_16311C_16320T_16362C_16519C
MF056608.1;L4b1a;73G_150T_199C_204C_263G_513d.GC_709A_750G_769A_789A_1018A_1438G_1804G_2706G_3010A_3505G_3693C_3918A_4017T_4029A_4216C_4232C_4769G_4977C_5460A_7028T_7624C_8206A_8614C_8701G_8860G_8974G_9248T_9540C_9986A_10398G_10813T_10873C_11719A_12661T_12705T_13497G_13518T_14016A_14766T_14905A_14935C_15301A_15326G_15344C_16179T_16183C_16189C_16223T_16239T_16311C_16320T_16362C_16519C
MF056688.1;L4b1a;73G_150T_199C_204C_263G_513d.GC_709A_750G_769A_789A_1018A_1438G_1804G_2706G_3010A_3505G_3693C_3918A_4017T_4029A_4216C_4232C_4769G_4977C_5460A_7028T_7624C_8206A_8614C_8701G_8860G_8974G_9248T_9540C_9986A_10398G_10813T_10873C_11719A_12661T_12705T_13497G_13518T_14016A_14766T_14905A_14935C_15301A_15326G_15344C_16179T_16183C_16189C_16223T_16239T_16311C_16320T_16362C_16519C
MF056747.1;L4b1a;73G_150T_199C_204C_263G_513d.GC_709A_750G_769A_789A_1018A_1438G_1804G_2706G_3010A_3505G_3693C_3918A_4017T_4029A_4216C_4232C_4769G_4977C_5460A_7028T_7624C_8206A_8614C_8701G_8860G_8974G_9248T_9540C_9986A_10398G_10813T_10873C_11719A_12661T_12705T_13497G_13518T_14016A_14259A_14766T_14905A_14935C_15301A_15326G_15344C_16179T_16183C_16189C_16223T_16239T_16311C_16320T_16362C_16519C
MF057850.1;L4b2a1;73G_146C_150T_195C_244G_263G_315CC_750G_769A_1018A_1413C_1438G_2706G_3531A_3918A_4769G_5580C_5746A_7028T_7844G_8104C_8701G_8860G_9540C_9855G_10398G_10873C_11653T_11719A_12609C_12705T_13470G_14257G_14470C_14766T_15301A_15326G_16075C_16223T_16274A_16293T_16311C_16355T_16362C_16399G
MF057905.1;L4b1a;73G_150T_199C_204C_263G_315CC_513d.GC_709A_750G_769A_789A_1018A_1438G_1804G_2706G_3010A_3505G_3693C_3918A_4017T_4029A_4216C_4232C_4769G_4977C_5460A_7028T_7624C_8206A_8614C_8701G_8860G_8974G_9248T_9540C_9986A_10398G_10813T_10873C_11719A_12661T_12705T_13497G_13518T_14016A_14766T_14905A_14935C_15301A_15326G_15344C_16179T_16183C_16189C_16223T_16239T_16311C_16320T_16362C_16519C
MF058179.1;L4b2a1;73G_146C_150T_195C_244G_263G_315CC_750G_769A_1018A_1413C_1438G_2706G_3531A_3918A_4769G_5580C_5746A_7028T_7844G_8104C_8701G_8860G_9540C_9855G_10398G_10873C_11653T_11719A_12609C_12705T_13470G_14257G_14470C_14766T_15301A_15326G_16075C_16223T_16274A_16293T_16311C_16355T_16362C_16399G
MF058184.1;L4b2a1;73G_146C_150T_195C_244G_263G_315CC_750G_769A_1018A_1413C_1438G_2706G_3531A_3918A_4769G_5580C_5746A_7028T_7844G_8104C_8701G_8860G_9540C_9855G_10398G_10873C_11653T_11719A_12609C_12705T_13470G_14257G_14470C_14766T_15301A_15326G_16075C_16223T_16274A_16293T_16311C_16355T_16362C_16399G
MF058185.1;L4b2a1;73G_146C_150T_195C_244G_263G_750G_769A_1018A_1413C_1438G_2706G_3531A_3918A_4769G_5580C_5746A_7028T_7844G_8104C_8701G_8860G_9540C_9855G_10398G_10873C_11653T_11719A_12609C_12705T_13470G_14257G_14470C_14766T_15301A_15326G_16075C_16223T_16274A_16293T_16311C_16355T_16362C_16399G
MF058235.1;L4b1a;73G_150T_199C_204C_263G_315CC_513d.GC_709A_750G_769A_789A_1018A_1438G_1804G_2706G_3010A_3505G_3693C_3918A_4017T_4029A_4216C_4232C_4769G_4977C_5460A_7028T_7624C_8206A_8614C_8701G_8860G_8974G_9248T_9540C_9986A_10398G_10688A_10813T_10873C_11719A_12661T_12705T_13497G_13518T_14016A_14766T_14905A_14935C_15301A_15326G_15344C_16179T_16183C_16189C_16223T_16239T_16311C_16320T_16362C_16519C
MF058237.1;L4b2a;73G_146C_150T_195C_244G_263G_315CC_368G_750G_769A_1018A_1413C_1438G_2706G_3531A_3918A_4769G_5580C_5746A_7028T_7844G_8104C_8701G_8860G_9540C_9855G_10398G_10873C_11653T_11719A_12609C_12705T_13470G_14257G_14470C_14766T_15301A_15326G_16075C_16223T_16274A_16293T_16311C_16355T_16362C_16399G
MF058245.1;L4b1a;73G_150T_199C_204C_263G_315CC_513d.GC_709A_750G_769A_789A_1018A_1438G_1804G_2706G_3010A_3505G_3693C_3918A_4017T_4029A_4216C_4232C_4769G_4977C_5460A_7028T_7624C_8206A_8614C_8701G_8860G_8974G_9248T_9540C_9986A_10398G_10688A_10813T_10873C_11719A_12661T_12705T_13497G_13518T_14016A_14766T_14905A_14935C_15301A_15326G_15344C_16179T_16183C_16189C_16223T_16239T_16311C_16320T_16362C_16519C
MF058371.1;L4b2a1;73G_146C_150T_195C_244G_263G_315CC_750G_769A_1018A_1413C_1438G_2706G_3531A_3918A_4769G_5580C_5746A_7028T_7844G_8104C_8701G_8860G_9540C_9855G_10398G_10873C_11653T_11719A_12609C_12705T_13470G_14257G_14470C_14766T_15301A_15326G_16075C_16223T_16274A_16293T_16311C_16355T_16362C_16399G
MF058382.1;L4b2a1;73G_146C_150T_195C_244G_263G_315CC_750G_769A_1018A_1413C_1438G_2706G_3531A_3918A_4769G_5580C_5746A_7028T_7844G_8104C_8701G_8860G_9540C_9855G_10398G_10873C_11653T_11719A_12609C_12705T_13470G_14257G_14470C_14766T_15301A_15326G_16075C_16223T_16274A_16293T_16311C_16355T_16362C_16399G
MF437139.1;L4b2a2;73G_146C_244G_263G_315CC_750G_769A_1018A_1413C_1694C_2706G_3918A_4769G_4949G_5048C_5910A_6260A_6680C_7028T_8104C_8292A_8701G_8860G_9540C_9855G_10398G_10783C_10873C_11719A_12609C_12705T_13105G_13470G_14766T_15019C_15301A_15326G_15448T_16172C_16223T_16293T_16311C_16319A_16355T_16362C_16399G
MF437176.1;L4b2a2;73G_146C_244G_263G_315CC_750G_769A_1018A_1413C_1438G_1694C_2706G_3918A_4654T_4769G_4949G_6260A_6329T_7028T_8104C_8701G_8860G_9540C_9855G_10398G_10783C_10873C_11719A_12341T_12609C_12705T_13470G_13695T_14179G_14766T_15301A_15326G_16071T_16172C_16223T_16293T_16311C_16355T_16362C_16399G_16519C
MF437255.1;L4a2;73G_152C_195C_198T_263G_315CC_750G_769A_1018A_1438G_2706G_3357A_5460A_7028T_8701G_8860G_9221G_9344T_9540C_10032G_10373A_10398G_10873C_11253C_11344G_11485C_11719A_11914A_12361G_12414C_12705T_13174C_13392C_14302C_14766T_15301A_15326G_15924G_16182C_16183C_16189C_16223T_16260T_16264T_16311C_16362C_16519C
MF437265.1;L4b2a;73G_146C_244G_263G_315CC_513d.GC_750G_769A_1018A_1413C_1438G_2483C_2706G_3666C_3918A_4769G_6260A_7028T_7129G_7247T_7805A_8104C_8701G_8860G_9123A_9126C_9156G_9287A_9540C_9855G_10398G_10873C_11719A_12173C_12501A_12609C_12681C_12705T_13470G_14569A_14766T_15217A_15301A_15326G_16223T_16293T_16301T_16311C_16320T_16355T_16362C_16399G_16519C_16545C
MF437276.1;L4b2a2;73G_146C_244G_263G_315CC_750G_769A_1018A_1413C_1694C_2706G_3918A_4769G_4949G_5048C_5910A_6260A_6680C_7028T_8104C_8292A_8701G_8860G_9540C_9855G_10398G_10783C_10873C_11719A_12609C_12705T_13105G_13470G_14766T_15019C_15301A_15326G_15448T_16172C_16223T_16293T_16311C_16319A_16355T_16362C_16399G_16544C_16545C_16548T
MF621108.1;L4a1a;73G_150T_195C_198T_263G_309CCT_310C_325T_750G_769A_921C_1018A_1438G_2416C_2706G_3357A_4769G_5460A_6167C_7028T_7376T_7762A_7775A_8133T_8473C_8701G_8860G_9540C_10373A_10398G_10873C_11025C_11143T_11253C_11344G_11485C_11653G_11719A_12414C_12705T_12814A_14000A_14302C_14766T_15301A_15326G_16207T_16223T_16260T_16311C_16362C_16519C
MF621109.1;L4a2;73G_152C_195C_198T_200G_263G_309CCT_310C_750G_769A_1018A_1438G_2706G_3357A_5460A_7028T_8701G_8860G_9221G_9344T_9540C_9827T_10032G_10373A_10398G_10873C_11253C_11344G_11485C_11719A_12361G_12414C_12705T_13174C_13392C_14302C_14766T_15301A_15326G_15924G_16182C_16183C_16189C_16223T_16260T_16264T_16311C_16362C_16519C
MF621110.1;L4a2;64T_73G_152C_182T_195C_198T_263G_315CC_522d.CA_750G_769A_1018A_1438G_2706G_3357A_4769G_5333C_5460A_5471A_5891CCC_7028T_8701G_8838A_8860G_9081T_9540C_9758C_10373A_10398G_10873C_11253C_11344G_11485C_11719A_12361G_12414C_12705T_13174C_13194A_14302C_14766T_15301A_15326G_15514C_16223T_16260T_16264T_16311C_16362C_16519C
MF621111.1;L4b1a;73G_150T_199C_204C_263G_309CCT_310C_513A_709A_750G_769A_789C_1018A_1438G_1804G_2706G_3010A_3505G_3918A_4017T_4029A_4216C_4232C_4769G_4977C_5460A_7028T_7166G_7624C_8614C_8701G_8860G_8974G_9248T_9540C_9986A_10398G_10813T_10873C_11719A_12661T_12705T_13497G_14016A_14766T_14905A_14935C_15301A_15326G_16111T_16179T_16183C_16189C_16223T_16239T_16311C_16320T_16362C_16519C
MF621112.1;L4b1;73G_150T_263G_309CCT_310C_328G_488G_709A_750G_769A_1018A_1438G_1914G_2706G_3918A_4137T_4394T_4769G_4977C_5460A_7028T_7389C_7849T_8392A_8701G_8860G_8928C_9168T_9540C_10398G_10813T_10873C_11719A_12705T_12988T_14766T_14793G_15301A_15326G_16223T_16256T_16311C_16362C_16400T_16519C
MF621113.1;L4b1;73G_150T_263G_309CCT_310C_709A_750G_769A_1018A_1438G_1914G_2706G_3918A_4137T_4769G_4977C_5460A_7028T_7389C_7849T_7909T_8288TACCCCCTCT_8392A_8587A_8701G_8860G_8928C_9168T_9540C_10398G_10813T_10873C_11719A_12028C_12705T_12855G_12988T_14766T_14793G_15301A_15326G_15924G_16223T_16311C_16362C
MF621114.1;L4b1;73G_150T_195C_263G_309CCT_310C_522d.CA_709A_750G_769A_1018A_1438G_1914G_2706G_3316A_3918A_4137T_4769G_4977C_5460A_7028T_7389C_7849T_8392A_8701G_8860G_8928C_9168T_9540C_10398G_10813T_10873C_11176A_11719A_12705T_12988T_13928C_14766T_14793G_15301A_15326G_15946T_16093C_16223T_16311C_16362C
MF621115.1;L4b1;73G_150T_263G_309CCT_310C_522d.CA_709A_750G_769A_1018A_1438G_1914G_2706G_3915A_3918A_4137T_4769G_4977C_5318T_5460A_5999C_7028T_7389C_7849T_8392A_8519A_8701G_8860G_8928C_9168T_9540C_10398G_10813T_10873C_11466C_11719A_12705T_12988T_14494C_14766T_14793G_15301A_15326G_16223T_16278T_16311C_16362C
MF621116.1;L4b1;73G_150T_263G_309CCT_310C_522d.CA_709A_750G_769A_1018A_1438G_1914G_2706G_3915A_3918A_4137T_4769G_4977C_5460A_7028T_7389C_7849T_8392A_8701G_8860G_8928C_9168T_9540C_10398G_10813T_10873C_11719A_12705T_12988T_14128G_14766T_14793G_15301A_15326G_16192T_16223T_16311C_16362C_16519C
MF621117.1;L4b1;73G_150T_263G_315CC_522d.CA_709A_750G_769A_1018A_1438G_1914G_2706G_3918A_4137T_4248C_4769G_4977C_5460A_7028T_7389C_7849T_8392A_8577G_8860G_8928C_9168T_9540C_10398G_10754G_10813T_10873C_11719A_12705T_12988T_14766T_14793G_15007T_15301A_15326G_16223T_16311C_16362C
MF621118.1;L4b2a1;73G_146C_152C_195C_244G_263G_315CC_471C_547G_750G_769A_1018A_1413C_1438G_2706G_3918A_4769G_5471A_5580C_5746A_7028T_7241G_8104C_8701G_8860G_9540C_9855G_10398G_10873C_11719A_12609C_12705T_12891T_13470G_14766T_15301A_15326G_16223T_16274A_16293T_16311C_16355T_16362C_16399G
MF621119.1;L4b2b;73G_146C_150T_152C_195C_200G_244G_263G_315CC_451T_513A_709A_750G_769A_1018A_1438G_2163G_2706G_3918A_3945T_3970T_4769G_4988T_5128G_6260A_6878T_7028T_7805A_8104C_8227C_8701G_8860G_9540C_9855G_10265C_10389C_10398G_10873C_11719A_11914A_12438C_12609C_12705T_12950G_13470G_14267T_14766T_15217A_15301A_15326G_16093G_16223T_16287A_16293T_16301T_16311C_16355T_16362C_16399G_16519C
MF695901.1;L4b2a2;73G_146C_244G_263G_309CCT_310C_750G_769A_1018A_1413C_1438G_1694C_2706G_3766C_3909T_3918A_4769G_4949G_5243T_6260A_6329T_7028T_8104C_8701G_8860G_9540C_9855G_10398G_10783C_10873C_11719A_12341T_12609C_12705T_13470G_14016A_14179G_14766T_15301A_15326G_16071T_16172C_16223T_16293T_16311C_16355T_16362C_16399G_16519C
MF695903.1;L4b2a2;73G_146C_244G_263G_309CCT_310C_750G_769A_1018A_1413C_1438G_1694C_2706G_3766C_3909T_3918A_4769G_4949G_5243T_6260A_6329T_7028T_8104C_8701G_8860G_9540C_9855G_10398G_10783C_10873C_11719A_12341T_12609C_12705T_13470G_14016A_14179G_14221C_14766T_15301A_15326G_16071T_16172C_16223T_16293T_16311C_16355T_16362C_16399G_16519C
MF695922.1;L4b2a2;73G_146C_244G_263G_315CC_750G_769A_1018A_1413C_1438G_1694C_2706G_3918A_4227G_4769G_4949G_5899CC_6260A_7028T_8104C_8701G_8860G_9540C_9855G_10398G_10783C_10873C_11719A_12341T_12609C_12705T_13470G_14179G_14766T_15301A_15326G_15778T_16071T_16172C_16223T_16293T_16311C_16355T_16362C_16399G_16519C
MF695926.1;L4b2a2;73G_146C_244G_263G_309CCT_310C_750G_769A_1018A_1413C_1438G_1694C_2706G_3918A_4769G_4772C_4949G_5048C_5585A_5910A_6260A_6366A_6680C_6956C_7028T_8104C_8701G_8860G_9101C_9540C_9855G_10398G_10783C_10873C_11719A_12609C_12684A_12705T_13470G_14766T_15019C_15301A_15326G_15448T_15784C_16172C_16223T_16293T_16311C_16355T_16362C_16399G
MF695928.1;L4b2a2;73G_146C_244G_263G_309CCT_310C_750G_769A_1018A_1413C_1438G_1694C_2706G_3766C_3909T_3918A_4769G_4949G_5243T_6260A_6329T_7028T_8104C_8701G_8860G_9145A_9540C_9821G_9855G_10398G_10783C_10873C_11719A_12341T_12609C_12705T_13470G_14016A_14179G_14766T_15301A_15326G_16071T_16172C_16223T_16293T_16311C_16355T_16362C_16399G_16519C
MF695951.1;L4b2a2;73G_146C_152C_185A_189G_244G_263G_315CC_750G_769A_1018A_1413C_1438G_1694C_2010C_2706G_3918A_4769G_4949G_6260A_6719C_7028T_8104C_8701G_8860G_9540C_9855G_10398G_10783C_10873C_11236G_11719A_12341T_12609C_12705T_13470G_14179G_14766T_15301A_15326G_15930A_16071T_16172C_16223T_16293T_16311C_16355T_16362C_16399G_16519C
MF695959.1;L4b2a2;73G_146C_244G_263G_309CCT_310C_750G_769A_1018A_1413C_1438G_1694C_2706G_3766C_3909T_3918A_4769G_4949G_5243T_6260A_6329T_7028T_8104C_8701G_8860G_9540C_9855G_10398G_10783C_10873C_11719A_12341T_12609C_12705T_13470G_14016A_14179G_14766T_15301A_15326G_16071T_16172C_16223T_16293T_16311C_16355T_16362C_16399G_16519C
MF695976.1;L4b2a2;73G_146C_152C_185A_189G_244G_263G_315CC_750G_769A_1018A_1413C_1438G_1694C_2010C_2706G_3918A_4769G_4949G_6260A_6719C_7028T_8104C_8701G_8860G_9540C_9855G_10398G_10783C_10873C_11236G_11719A_12341T_12609C_12705T_13470G_14179G_14766T_15301A_15326G_15930A_16071T_16172C_16223T_16293T_16311C_16355T_16362C_16399G_16519C
MF695989.1;L4b2a2;73G_146C_244G_263G_309CCT_310C_750G_769A_1018A_1413C_1438G_1694C_2706G_3766C_3909T_3918A_4769G_4949G_5243T_6260A_6329T_7028T_8104C_8701G_8860G_9540C_9855G_10398G_10783C_10873C_11719A_12341T_12609C_12705T_13470G_14016A_14179G_14766T_15301A_15326G_16071T_16172C_16223T_16293T_16311C_16355T_16362C_16399G_16519C
MF696068.1;L4b2a2c;73G_146C_244G_263G_315CC_391C_750G_769A_1018A_1413C_1438G_1694C_2706G_3918A_4769G_4949G_5483G_6260A_7028T_8104C_8478T_8701G_8860G_9540C_9855G_10325A_10398G_10783C_10873C_11719A_12609C_12705T_13470G_14766T_15301A_15326G_15454C_16172C_16209C_16223T_16293T_16311C_16355T_16362C_16399G_16519C
MH981629.1;L4b2b1;73G_146C_152C_195C_244G_263G_340T_709A_750G_769A_1018A_1438G_2220T_2706G_3918A_4206G_4769G_5128G_6260A_7028T_7805A_7897A_8104C_8292A_8343G_8701G_8860G_9540C_9855G_10265C_10398G_10873C_11719A_12438C_12609C_12705T_13470G_14766T_15301A_15326G_16051G_16114T_16189C_16223T_16293T_16311C_16316G_16355T_16362C_16399G_16519C
MK484611.1;L4a1;73G_152C_195C_198T_263G_309CCT_310C_325T_750G_769A_1018A_1438G_1780C_2706G_3339G_3357A_4093G_4769G_5460A_6167C_7028T_7376T_7775A_8701G_8860G_9540C_10217G_10373A_10398G_10873C_11253C_11344G_11485C_11653G_11719A_11983T_12338C_12414C_12705T_13174C_13731G_14000A_14302C_14766T_15043A_15213C_15301A_15326G_15776G_16093C_16126C_16207C_16215G_16223T_16260T_16290T_16311C_16519C
MN894725.1;L4b2b1;73G_146C_152C_195C_244G_263G_315CC_340T_709A_750G_769A_1018A_1438G_1888A_2220T_2706G_3918A_4206G_4769G_5128G_6260A_7028T_7699T_7805A_8104C_8701G_8860G_9540C_9758C_9855G_10265C_10398G_10873C_11719A_12438C_12609C_12705T_13470G_14766T_15301A_15326G_15924G_16114T_16223T_16293T_16311C_16316G_16355T_16362C_16399G_16519C
MZ387958.1;L4b1a;73G_150T_199C_204C_263G_309CCCT_310C_513d.GC_709A_750G_769A_789A_1018A_1438G_1804G_2706G_3010A_3505G_3849A_3918A_4017T_4029A_4216C_4232C_4769G_4977C_5460A_5942G_7028T_7624C_8614C_8701G_8860G_8974G_9248T_9540C_9986A_10398G_10813T_10873C_11719A_12351C_12661T_12705T_13497G_13818C_13992T_14016A_14766T_14905A_14935C_15301A_15326G_15344C_16179T_16183C_16189C_16223T_16239T_16311C_16320T_16362C_16519C
MZ920656.1;L4b2b;73G_146C_150T_152C_195C_200G_244G_263G_315CC_480C_513A_709A_750G_769A_1018A_1438G_2706G_3918A_4769G_5128G_6260A_7028T_7805A_8104C_8227C_8701G_8860G_9540C_9855G_10265C_10389C_10398G_10873C_11719A_11914A_12354C_12438C_12609C_12705T_12903C_13470G_14766T_15034G_15217A_15301A_15326G_16093G_16223T_16287A_16293T_16311C_16355T_16362C_16399G
